{
	"class_name" : "PinholeCameraParameters",
	"extrinsic" : 
	[
		0.90746797555301584,
		0.38944853122698109,
		0.15758082012370178,
		0.0,
		-0.094266650944699076,
		-0.17676879050886329,
		0.97972781588648594,
		0.0,
		0.4094089298798716,
		-0.90392623384166748,
		-0.12370000770993375,
		0.0,
		-38.956915153682793,
		-117.47143185779112,
		150.30654056206393,
		1.0
	],
	"intrinsic" : 
	{
		"height" : 1080,
		"intrinsic_matrix" : 
		[
			935.30743608719376,
			0.0,
			0.0,
			0.0,
			935.30743608719376,
			0.0,
			719.5,
			539.5,
			1.0
		],
		"width" : 1440
	},
	"version_major" : 1,
	"version_minor" : 0
}